,Year,COUNTY NAME,TOTAL ARRESTS,JUVENILE POP,CRIME RATE
0,1998,Alachua,1854,44683,4.149229013271266
1,1998,Baker,114,6129,1.8600097895252081
2,1998,Bay,1898,36257,5.2348512011473645
3,1998,Bradford,62,5861,1.0578399590513563
4,1998,Brevard,4721,104005,4.539204845920869
5,1998,Broward,13563,364578,3.720191563945164
6,1998,Calhoun,115,3073,3.7422713960299383
7,1998,Charlotte,974,21834,4.460932490610974
8,1998,Citrus,873,19980,4.36936936936937
9,1998,Clay,1558,38547,4.041819078008665
10,1998,Collier,2670,46432,5.750344589937974
11,1998,Columbia,552,14167,3.8963789087315592
12,1998,Desoto,256,7140,3.5854341736694675
13,1998,Dixie,78,3155,2.472266244057052
14,1998,Duval,7328,204205,3.588550721089102
15,1998,Escambia,2733,71392,3.8281600179291795
16,1998,Flagler,318,8442,3.7668798862828714
17,1998,Franklin,128,2115,6.052009456264775
18,1998,Gadsden,219,12291,1.7817915547961922
19,1998,Gilchrist,27,3459,0.7805724197745013
20,1998,Glades,33,2229,1.4804845222072678
21,1998,Gulf,100,2905,3.4423407917383817
22,1998,Hamilton,123,3200,3.84375
23,1998,Hardee,185,7275,2.542955326460481
24,1998,Hendry,137,10571,1.2959984864251253
25,1998,Hernando,700,24272,2.883981542518128
26,1998,Highlands,618,16429,3.761641000669548
27,1998,Hillsborough,10826,245228,4.414667166881433
28,1998,Holmes,67,4421,1.5154942320741913
29,1998,Indian River,925,21054,4.393464424812387
30,1998,Jackson,125,10673,1.1711796121053124
31,1998,Jefferson,98,3154,3.1071655041217503
32,1998,Lafayette,14,1438,0.9735744089012517
33,1998,Lake,1884,40468,4.655530295542157
34,1998,Lee,2714,83001,3.269840122408164
35,1998,Leon,3389,51290,6.607525833495808
36,1998,Levy,240,7901,3.037590178458423
37,1998,Liberty,10,1586,0.6305170239596469
38,1998,Madison,58,4774,1.2149141181399248
39,1998,Manatee,517,52131,0.9917323665381443
40,1998,Marion,2704,54197,4.989206044615015
41,1998,Martin,1334,22909,5.823038980313414
42,1998,Miami-Dade,20429,547051,3.7343867390791723
43,1998,Monroe,463,14099,3.283920845450032
44,1998,Nassau,355,14279,2.4861684991946214
45,1998,Okaloosa,1220,42577,2.8653968104845338
46,1998,Okeechobee,300,9044,3.3171163202122953
47,1998,Orange,7093,216625,3.2743219849971146
48,1998,Osecola,1105,42814,2.5809314710141544
49,1998,Palm Beach,6886,231514,2.9743341655364257
50,1998,Pasco,1749,66273,2.6390837897786428
51,1998,Pinellas,8898,175918,5.0580384042565285
52,1998,Polk,3948,115965,3.4044754882938815
53,1998,Putnam,218,17704,1.2313601446000904
54,1998,Santa Rosa,582,26934,2.1608376030296284
55,1998,Sarasota,1538,42908,3.584413163046518
56,1998,Seminole,2568,30698,8.365365821877646
57,1998,St. Johns,411,51775,0.7938194109126027
58,1998,St. Lucie,1392,90650,1.5355763927192498
59,1998,Sumter,251,8348,3.0067081935793003
60,1998,Suwannee,218,8307,2.624292765137836
61,1998,Taylor,118,4848,2.433993399339934
62,1998,Union,27,2918,0.9252912954078136
63,1998,Volusia,4635,88285,5.250042476071813
64,1998,Wakulla,211,5612,3.7598004276550254
65,1998,Walton,204,8675,2.351585014409222
66,1998,Washington,27,4890,0.5521472392638037
0,1999,Alachua,2137,44252,4.829160263942873
1,1999,Baker,151,6087,2.480696566453097
2,1999,Bay,1555,36089,4.30879215273352
3,1999,Bradford,67,5788,1.1575673807878368
4,1999,Brevard,6552,104467,6.271837039447864
5,1999,Broward,13129,375035,3.500739930939779
6,1999,Calhoun,54,3040,1.776315789473684
7,1999,Charlotte,767,22084,3.4731026987864517
8,1999,Citrus,587,20244,2.8996245801225053
9,1999,Clay,1420,39125,3.6293929712460065
10,1999,Collier,2620,48827,5.365883629958834
11,1999,Columbia,533,14265,3.7364178058184363
12,1999,Desoto,202,7251,2.785822645152393
13,1999,Dixie,58,3119,1.8595703751202306
14,1999,Duval,7377,205259,3.5939958783780495
15,1999,Escambia,2852,70127,4.066907182682847
16,1999,Flagler,258,8691,2.968588194684156
17,1999,Franklin,19,2027,0.9373458312777503
18,1999,Gadsden,265,12140,2.182866556836903
19,1999,Gilchrist,40,3467,1.1537352177675224
20,1999,Glades,34,2279,1.491882404563405
21,1999,Gulf,109,2859,3.8125218607904863
22,1999,Hamilton,100,3159,3.165558721114277
23,1999,Hardee,129,7389,1.7458384084449858
24,1999,Hendry,142,10743,1.3217909336312017
25,1999,Hernando,722,24536,2.9426149331594393
26,1999,Highlands,589,16612,3.545629665302191
27,1999,Hillsborough,10811,250252,4.320045394242603
28,1999,Holmes,128,4386,2.918376652986776
29,1999,Indian River,841,21453,3.920197641355521
30,1999,Jackson,181,10529,1.719061639281983
31,1999,Jefferson,86,3044,2.8252299605781865
32,1999,Lafayette,17,1480,1.1486486486486487
33,1999,Lake,2160,41712,5.178365937859609
34,1999,Lee,3383,84894,3.984969491365703
35,1999,Leon,1821,51044,3.567510383198809
36,1999,Levy,179,8070,2.2180916976456007
37,1999,Liberty,22,1564,1.4066496163682864
38,1999,Madison,100,4777,2.0933640360058616
39,1999,Manatee,1496,53447,2.799034557599117
40,1999,Marion,3190,54946,5.8057001419575585
41,1999,Martin,1458,23482,6.209011157482327
42,1999,Miami-Dade,21006,554874,3.7857243266038774
43,1999,Monroe,335,13791,2.4291204408672322
44,1999,Nassau,303,14410,2.1027064538514924
45,1999,Okaloosa,1464,42362,3.4559274821774233
46,1999,Okeechobee,279,9113,3.0615604082080545
47,1999,Orange,7160,221699,3.229604102860184
48,1999,Osecola,1041,44778,2.3248023583009516
49,1999,Palm Beach,7004,237153,2.9533676571664707
50,1999,Pasco,1720,67832,2.535676376931242
51,1999,Pinellas,7989,177028,4.512845425582394
52,1999,Polk,3284,117291,2.7998738181105116
53,1999,Putnam,313,17487,1.7899010693658144
54,1999,Santa Rosa,1170,27663,4.229476195640386
55,1999,Sarasota,1499,43319,3.46037535492509
56,1999,Seminole,2390,31085,7.688595785748753
57,1999,St. Johns,482,52435,0.9192333365118719
58,1999,St. Lucie,1326,91968,1.4418058455114822
59,1999,Sumter,228,8520,2.676056338028169
60,1999,Suwannee,177,8344,2.1212847555129435
61,1999,Taylor,110,4848,2.268976897689769
62,1999,Union,61,2962,2.059419311276165
63,1999,Volusia,3039,89244,3.4052709425843757
64,1999,Wakulla,284,5791,4.904161630115697
65,1999,Walton,252,8749,2.880329180477769
66,1999,Washington,79,4924,1.6043866774979691
0,2000,Alachua,2192,43856,4.998175848230573
1,2000,Baker,157,6156,2.5503573749187782
2,2000,Bay,1553,35580,4.364811691961776
3,2000,Bradford,59,5719,1.0316488896660254
4,2000,Brevard,4414,104852,4.209743257162477
5,2000,Broward,12726,384383,3.310760361410364
6,2000,Calhoun,8,3008,0.26595744680851063
7,2000,Charlotte,626,22252,2.8132302714362756
8,2000,Citrus,531,20403,2.6025584472871635
9,2000,Clay,1045,39557,2.6417574639128345
10,2000,Collier,2668,50421,5.291446024473929
11,2000,Columbia,186,14334,1.297614064462118
12,2000,Desoto,212,7301,2.9037118202985894
13,2000,Dixie,61,3039,2.0072392234287593
14,2000,Duval,7265,204684,3.5493736686795256
15,2000,Escambia,2424,69246,3.500563209427259
16,2000,Flagler,295,9054,3.258228407333775
17,2000,Franklin,27,1988,1.358148893360161
18,2000,Gadsden,237,11880,1.994949494949495
19,2000,Gilchrist,59,3545,1.6643159379407617
20,2000,Glades,44,2340,1.8803418803418803
21,2000,Gulf,73,2909,2.5094534204193883
22,2000,Hamilton,109,3121,3.4924703620634414
23,2000,Hardee,162,7402,2.1885976763037016
24,2000,Hendry,277,10865,2.549470777726645
25,2000,Hernando,566,24862,2.276566647896388
26,2000,Highlands,651,16713,3.8951714234428287
27,2000,Hillsborough,10315,253804,4.064159745315283
28,2000,Holmes,108,4274,2.526906878802059
29,2000,Indian River,977,21774,4.487002847432718
30,2000,Jackson,114,10434,1.0925819436457735
31,2000,Jefferson,115,2922,3.9356605065023955
32,2000,Lafayette,3,1529,0.1962066710268149
33,2000,Lake,1970,43154,4.565046113917597
34,2000,Lee,3252,86965,3.7394354050480074
35,2000,Leon,1387,51093,2.714657585187795
36,2000,Levy,191,8177,2.3358199828788067
37,2000,Liberty,18,1519,1.184990125082291
38,2000,Madison,92,4729,1.9454430112074435
39,2000,Manatee,1661,55019,3.018957087551573
40,2000,Marion,3029,55601,5.447743745616086
41,2000,Martin,1495,23705,6.306686353090066
42,2000,Miami-Dade,20113,558514,3.6011630863326616
43,2000,Monroe,348,13553,2.5676971888142845
44,2000,Nassau,275,14477,1.8995648269669132
45,2000,Okaloosa,1403,42247,3.3209458659786493
46,2000,Okeechobee,255,9050,2.81767955801105
47,2000,Orange,6659,227604,2.925695506230119
48,2000,Osecola,1195,46637,2.5623432038939042
49,2000,Palm Beach,6380,241135,2.6458208057727
50,2000,Pasco,1777,70149,2.5331793753296554
51,2000,Pinellas,7262,177508,4.091083218784505
52,2000,Polk,3704,118441,3.1272954466780933
53,2000,Putnam,488,17284,2.823420504512844
54,2000,Santa Rosa,1152,28736,4.008908685968819
55,2000,Sarasota,1285,43687,2.9413784420994804
56,2000,Seminole,2654,31398,8.452767692209695
57,2000,St. Johns,505,52984,0.9531179223916654
58,2000,St. Lucie,1394,93020,1.498602451085788
59,2000,Sumter,170,8534,1.9920318725099602
60,2000,Suwannee,199,8427,2.3614572208377833
61,2000,Taylor,121,4717,2.565189739241043
62,2000,Union,47,2942,1.5975526852481305
63,2000,Volusia,3549,90052,3.9410562785945893
64,2000,Wakulla,285,5873,4.85271581815086
65,2000,Walton,297,8830,3.3635334088335225
66,2000,Washington,111,4912,2.259771986970684
0,2001,Alachua,2403,43498,5.524391926065566
1,2001,Baker,170,6129,2.7736988089410994
2,2001,Bay,1780,35816,4.969845878936788
3,2001,Bradford,96,5700,1.6842105263157894
4,2001,Brevard,4835,106178,4.5536740191000025
5,2001,Broward,13031,393653,3.310275801276759
6,2001,Calhoun,97,2935,3.3049403747870527
7,2001,Charlotte,1116,22649,4.927369861804054
8,2001,Citrus,643,20745,3.099542058327308
9,2001,Clay,813,40452,2.009789380005933
10,2001,Collier,2091,52701,3.967666647691695
11,2001,Columbia,375,14235,2.634351949420443
12,2001,Desoto,123,7478,1.6448248194704467
13,2001,Dixie,76,3037,2.5024695423114918
14,2001,Duval,7387,205937,3.5870193311546736
15,2001,Escambia,2584,68563,3.768796581246445
16,2001,Flagler,295,9727,3.032795312018094
17,2001,Franklin,28,2012,1.3916500994035785
18,2001,Gadsden,234,11699,2.00017095478246
19,2001,Gilchrist,56,3503,1.5986297459320582
20,2001,Glades,40,2398,1.6680567139282736
21,2001,Gulf,150,2777,5.401512423478573
22,2001,Hamilton,137,3142,4.360280076384469
23,2001,Hardee,190,7332,2.591380250954719
24,2001,Hendry,402,10773,3.7315510999721524
25,2001,Hernando,690,25523,2.7034439525134193
26,2001,Highlands,922,16801,5.487768585203262
27,2001,Hillsborough,9155,259085,3.5335893625644093
28,2001,Holmes,99,4327,2.2879593251675523
29,2001,Indian River,851,22183,3.8362710183473836
30,2001,Jackson,134,10181,1.3161771928101367
31,2001,Jefferson,130,2879,4.5154567558179926
32,2001,Lafayette,7,1549,0.4519044544867657
33,2001,Lake,1865,45387,4.109106131711723
34,2001,Lee,4001,90758,4.4084268053504925
35,2001,Leon,1309,50922,2.5705981697498137
36,2001,Levy,168,8194,2.050280693190139
37,2001,Liberty,22,1509,1.4579191517561298
38,2001,Madison,113,4707,2.400679838538347
39,2001,Manatee,2079,56740,3.664081776524498
40,2001,Marion,2835,56153,5.048706213381298
41,2001,Martin,1336,24145,5.533236694967902
42,2001,Miami-Dade,19419,561762,3.4568019908786995
43,2001,Monroe,305,13360,2.282934131736527
44,2001,Nassau,338,14705,2.2985379122747363
45,2001,Okaloosa,1337,42064,3.1784899201217196
46,2001,Okeechobee,207,9189,2.2526934378060726
47,2001,Orange,6615,234513,2.820739148789193
48,2001,Osecola,1269,48533,2.6147157604104425
49,2001,Palm Beach,6848,246604,2.776921704433018
50,2001,Pasco,2087,73255,2.848952289946079
51,2001,Pinellas,7099,178232,3.983010907132277
52,2001,Polk,4505,120283,3.7453339208366936
53,2001,Putnam,603,17243,3.497071275300122
54,2001,Santa Rosa,923,29984,3.078308431163287
55,2001,Sarasota,1242,44522,2.789632091999461
56,2001,Seminole,2625,31811,8.25186256326428
57,2001,St. Johns,415,54463,0.7619852009621211
58,2001,St. Lucie,1578,94108,1.6767968716793473
59,2001,Sumter,187,8297,2.2538266843437387
60,2001,Suwannee,174,8495,2.048263684520306
61,2001,Taylor,113,4682,2.4134985049124307
62,2001,Union,51,2930,1.74061433447099
63,2001,Volusia,3908,91260,4.2822704361165895
64,2001,Wakulla,176,6010,2.928452579034942
65,2001,Walton,218,9081,2.400616672172668
66,2001,Washington,77,4941,1.558388990082979
0,2002,Alachua,1327,43272,3.066648178960991
1,2002,Baker,175,6278,2.787511946479771
2,2002,Bay,1946,36003,5.405105130128045
3,2002,Bradford,115,5624,2.0448079658605973
4,2002,Brevard,5069,107137,4.731325312450414
5,2002,Broward,13175,400614,3.2887018426714993
6,2002,Calhoun,56,2923,1.9158398905234348
7,2002,Charlotte,1217,23064,5.276621574748526
8,2002,Citrus,674,20966,3.2147286082228366
9,2002,Clay,1247,41773,2.9851818160055537
10,2002,Collier,2362,55266,4.273875438786957
11,2002,Columbia,487,14332,3.3979905107451858
12,2002,Desoto,117,7616,1.5362394957983192
13,2002,Dixie,45,3083,1.4596172559195588
14,2002,Duval,6492,206873,3.1381572268976616
15,2002,Escambia,2462,67683,3.6375456170678016
16,2002,Flagler,349,10464,3.3352446483180427
17,2002,Franklin,40,2029,1.9714144898965007
18,2002,Gadsden,206,11580,1.778929188255613
19,2002,Gilchrist,40,3503,1.1418783899514702
20,2002,Glades,32,2416,1.3245033112582782
21,2002,Gulf,44,2813,1.5641663704230357
22,2002,Hamilton,87,3066,2.8375733855185907
23,2002,Hardee,234,7288,3.2107574094401756
24,2002,Hendry,425,10746,3.954959985110739
25,2002,Hernando,825,26571,3.104888788528847
26,2002,Highlands,865,17027,5.080166793915546
27,2002,Hillsborough,9202,264718,3.4761519805982215
28,2002,Holmes,123,4354,2.824988516306844
29,2002,Indian River,763,22714,3.3591617504622704
30,2002,Jackson,130,10025,1.2967581047381544
31,2002,Jefferson,86,3012,2.8552456839309426
32,2002,Lafayette,15,1593,0.9416195856873822
33,2002,Lake,1602,47711,3.3577162499214017
34,2002,Lee,4131,94495,4.371659876183926
35,2002,Leon,1222,50749,2.4079292202802027
36,2002,Levy,331,8272,4.001450676982592
37,2002,Liberty,8,1538,0.5201560468140443
38,2002,Madison,118,4546,2.5956885173779147
39,2002,Manatee,1756,58396,3.0070552777587505
40,2002,Marion,2554,57363,4.452347331903841
41,2002,Martin,1214,24722,4.910605938030903
42,2002,Miami-Dade,15301,563340,2.7161217027017432
43,2002,Monroe,592,13189,4.488588975661536
44,2002,Nassau,349,14977,2.3302397008746745
45,2002,Okaloosa,1231,42665,2.8852689558185864
46,2002,Okeechobee,185,9241,2.001947841142733
47,2002,Orange,5762,239795,2.402885798286036
48,2002,Osecola,1350,51043,2.6448288697764633
49,2002,Palm Beach,7191,252694,2.845734366466952
50,2002,Pasco,2404,76697,3.134412036976674
51,2002,Pinellas,7772,178077,4.364404162244422
52,2002,Polk,4354,121973,3.5696424618563123
53,2002,Putnam,574,17413,3.296387756274048
54,2002,Santa Rosa,1005,31430,3.197581928094177
55,2002,Sarasota,1319,45852,2.87664660211114
56,2002,Seminole,2655,33280,7.977764423076923
57,2002,St. Johns,150,56135,0.2672129687360827
58,2002,St. Lucie,1933,95709,2.0196637724769877
59,2002,Sumter,178,8246,2.158622362357507
60,2002,Suwannee,152,8609,1.7655941456615172
61,2002,Taylor,117,4610,2.537960954446855
62,2002,Union,66,2886,2.2869022869022873
63,2002,Volusia,4751,92162,5.155053058744385
64,2002,Wakulla,84,6109,1.3750204616140123
65,2002,Walton,360,9407,3.8269373870521948
66,2002,Washington,67,4867,1.3766180398602836
0,2003,Alachua,1564,42889,3.6466226771433234
1,2003,Baker,210,6248,3.3610755441741356
2,2003,Bay,1851,36358,5.091039111062215
3,2003,Bradford,86,5646,1.5232022670917464
4,2003,Brevard,5481,107868,5.0812103682278345
5,2003,Broward,11851,404205,2.9319281057879047
6,2003,Calhoun,95,3011,3.155097974094985
7,2003,Charlotte,1146,23609,4.854081070778093
8,2003,Citrus,622,21196,2.934515946404982
9,2003,Clay,1042,42734,2.43833949548369
10,2003,Collier,2303,57464,4.007726576639287
11,2003,Columbia,443,14551,3.0444642979863925
12,2003,Desoto,190,7825,2.428115015974441
13,2003,Dixie,29,3045,0.9523809523809524
14,2003,Duval,6785,207700,3.266730861819932
15,2003,Escambia,2595,66952,3.875911100489903
16,2003,Flagler,444,11424,3.8865546218487395
17,2003,Franklin,24,1956,1.2269938650306749
18,2003,Gadsden,265,11519,2.300546922475909
19,2003,Gilchrist,63,3642,1.729818780889621
20,2003,Glades,43,2459,1.7486783245221633
21,2003,Gulf,63,2787,2.2604951560818085
22,2003,Hamilton,50,3011,1.6605778811026237
23,2003,Hardee,307,7277,4.218771471760341
24,2003,Hendry,508,10802,4.702832808739122
25,2003,Hernando,1173,27706,4.233739984118964
26,2003,Highlands,714,17020,4.195064629847239
27,2003,Hillsborough,9750,268964,3.6250204488333013
28,2003,Holmes,75,4429,1.693384511176338
29,2003,Indian River,650,23038,2.821425470961021
30,2003,Jackson,155,9814,1.5793764010597104
31,2003,Jefferson,108,2955,3.654822335025381
32,2003,Lafayette,13,1547,0.8403361344537815
33,2003,Lake,1597,50172,3.183050306944112
34,2003,Lee,3920,97857,4.005845264007685
35,2003,Leon,1132,51085,2.215914652050504
36,2003,Levy,283,8276,3.419526341227646
37,2003,Liberty,20,1519,1.316655694535879
38,2003,Madison,146,4482,3.257474341811691
39,2003,Manatee,1879,59890,3.137418600768075
40,2003,Marion,2494,58064,4.295260402314687
41,2003,Martin,1101,25389,4.336523691362401
42,2003,Miami-Dade,12380,561147,2.2061955245238773
43,2003,Monroe,483,12979,3.7213961013945607
44,2003,Nassau,2357,14934,15.782777554573457
45,2003,Okaloosa,1150,42803,2.6867275658248255
46,2003,Okeechobee,182,9231,1.9716173762322609
47,2003,Orange,6556,244039,2.6864558533676997
48,2003,Osecola,1363,54309,2.5097129389235673
49,2003,Palm Beach,7344,257765,2.849106744515353
50,2003,Pasco,1977,79839,2.4762334197572615
51,2003,Pinellas,7390,177341,4.167113075938446
52,2003,Polk,4281,124171,3.44766491370771
53,2003,Putnam,763,17318,4.4058205335489085
54,2003,Santa Rosa,887,33001,2.6877973394745616
55,2003,Sarasota,1295,47503,2.726143611982401
56,2003,Seminole,3151,34058,9.251864466498326
57,2003,St. Johns,325,57467,0.5655419632136705
58,2003,St. Lucie,2134,96378,2.2141982610139244
59,2003,Sumter,169,8096,2.0874505928853755
60,2003,Suwannee,161,8658,1.8595518595518594
61,2003,Taylor,127,4541,2.79674080598987
62,2003,Union,44,2941,1.496089765385923
63,2003,Volusia,4272,93327,4.577453470056897
64,2003,Wakulla,148,6116,2.419882275997384
65,2003,Walton,369,9690,3.808049535603715
66,2003,Washington,138,4839,2.8518288902665843
0,2004,Alachua,1698,42897,3.9583187635498986
1,2004,Baker,237,6398,3.7042825883088466
2,2004,Bay,1623,36740,4.417528579205226
3,2004,Bradford,113,5683,1.98838641562555
4,2004,Brevard,5275,109570,4.814273980104043
5,2004,Broward,11782,407248,2.89307743684438
6,2004,Calhoun,76,2999,2.534178059353118
7,2004,Charlotte,959,24139,3.9728240606487426
8,2004,Citrus,557,21603,2.5783456001481277
9,2004,Clay,1066,44629,2.3885814156714242
10,2004,Collier,2479,60046,4.128501482196982
11,2004,Columbia,382,14743,2.5910601641456963
12,2004,Desoto,234,7963,2.938590983297752
13,2004,Dixie,58,3067,1.8910987936093904
14,2004,Duval,7298,208226,3.504845696502838
15,2004,Escambia,2383,67118,3.550463363032272
16,2004,Flagler,429,12781,3.356544871293326
17,2004,Franklin,145,1968,7.367886178861789
18,2004,Gadsden,124,11357,1.091837633177776
19,2004,Gilchrist,27,3637,0.7423700852350839
20,2004,Glades,61,2546,2.3959151610369207
21,2004,Gulf,46,2796,1.6452074391988556
22,2004,Hamilton,43,2968,1.448787061994609
23,2004,Hardee,294,7264,4.047356828193833
24,2004,Hendry,440,10868,4.048582995951417
25,2004,Hernando,1123,29279,3.835513507974999
26,2004,Highlands,684,17403,3.930356835028443
27,2004,Hillsborough,10931,275714,3.9646155073735825
28,2004,Holmes,66,4314,1.52990264255911
29,2004,Indian River,708,23883,2.9644517020474814
30,2004,Jackson,134,9927,1.3498539337161277
31,2004,Jefferson,66,2931,2.2517911975435005
32,2004,Lafayette,12,1629,0.7366482504604052
33,2004,Lake,1814,53240,3.407212622088655
34,2004,Lee,3915,102829,3.807291717317099
35,2004,Leon,1166,51772,2.2521826469906516
36,2004,Levy,408,8460,4.822695035460993
37,2004,Liberty,10,1545,0.6472491909385114
38,2004,Madison,194,4515,4.2967884828349945
39,2004,Manatee,1920,61706,3.1115288626713773
40,2004,Marion,2386,59207,4.029928893542993
41,2004,Martin,982,25985,3.779103328843564
42,2004,Miami-Dade,11169,559232,1.997203307392996
43,2004,Monroe,556,12580,4.419713831478537
44,2004,Nassau,292,15037,1.941876704129813
45,2004,Okaloosa,1309,43358,3.0190506942202133
46,2004,Okeechobee,213,9514,2.2388059701492535
47,2004,Orange,6856,251579,2.7251877143958754
48,2004,Osecola,1435,58238,2.4640269240015114
49,2004,Palm Beach,7514,264838,2.8372061411126803
50,2004,Pasco,2419,84315,2.8690031429757457
51,2004,Pinellas,7479,176288,4.242489562534035
52,2004,Polk,4243,126960,3.341997479521109
53,2004,Putnam,672,17363,3.8702989114784314
54,2004,Santa Rosa,828,35263,2.34807021523977
55,2004,Sarasota,1220,50598,2.4111624965413654
56,2004,Seminole,2867,34878,8.22008142668731
57,2004,St. Johns,265,59172,0.4478469546407084
58,2004,St. Lucie,2162,97473,2.218050126701753
59,2004,Sumter,295,8029,3.6741810935359323
60,2004,Suwannee,188,8869,2.119742924794227
61,2004,Taylor,119,4542,2.6199911933069133
62,2004,Union,59,2951,1.9993222636394443
63,2004,Volusia,4041,94906,4.257897287842708
64,2004,Wakulla,153,6238,2.452709201667201
65,2004,Walton,345,9972,3.4596871239470515
66,2004,Washington,104,4948,2.1018593371059016
0,2005,Alachua,2170,43358,5.004843396835647
1,2005,Baker,192,6569,2.922819302785812
2,2005,Bay,1623,37645,4.311329525833444
3,2005,Bradford,113,5728,1.9727653631284914
4,2005,Brevard,5345,111336,4.800783214773299
5,2005,Broward,10979,410582,2.674009089536317
6,2005,Calhoun,54,3122,1.729660474055093
7,2005,Charlotte,1062,23643,4.491815759421393
8,2005,Citrus,564,22027,2.5604939392563675
9,2005,Clay,1201,46048,2.608148019457957
10,2005,Collier,2003,62455,3.207109118565367
11,2005,Columbia,391,15243,2.5651118546217937
12,2005,Desoto,181,7836,2.3098519652884124
13,2005,Dixie,52,3121,1.6661326497917333
14,2005,Duval,6811,207906,3.275999730647504
15,2005,Escambia,2835,66455,4.266044691896772
16,2005,Flagler,508,14623,3.4739793476030907
17,2005,Franklin,25,1997,1.2518778167250877
18,2005,Gadsden,277,11318,2.4474288743594275
19,2005,Gilchrist,51,3687,1.3832384052074858
20,2005,Glades,104,2621,3.967951163677985
21,2005,Gulf,78,2810,2.775800711743772
22,2005,Hamilton,57,2936,1.9414168937329699
23,2005,Hardee,322,7211,4.465400083206212
24,2005,Hendry,405,11124,3.640776699029126
25,2005,Hernando,1242,31063,3.998325982680359
26,2005,Highlands,597,17678,3.377078855074103
27,2005,Hillsborough,11369,284233,3.999887416309859
28,2005,Holmes,51,4339,1.175386033648306
29,2005,Indian River,785,24596,3.1915758659944706
30,2005,Jackson,133,10148,1.310603074497438
31,2005,Jefferson,59,2926,2.0164046479835953
32,2005,Lafayette,9,1692,0.5319148936170213
33,2005,Lake,2123,56080,3.785663338088445
34,2005,Lee,3769,110160,3.4213870733478577
35,2005,Leon,1299,52188,2.4890779489537826
36,2005,Levy,394,8564,4.600653900046707
37,2005,Liberty,3,1625,0.1846153846153846
38,2005,Madison,116,4448,2.6079136690647484
39,2005,Manatee,1877,64021,2.9318504865590977
40,2005,Marion,2376,61218,3.8812114084092917
41,2005,Martin,1038,26338,3.941073733768699
42,2005,Miami-Dade,11258,557666,2.0187710923742888
43,2005,Monroe,343,11959,2.8681327870223265
44,2005,Nassau,281,15218,1.8464975686686818
45,2005,Okaloosa,1195,43444,2.7506675260104965
46,2005,Okeechobee,218,9592,2.272727272727273
47,2005,Orange,6898,261983,2.6329952706855027
48,2005,Osecola,1879,61397,3.0604101177581966
49,2005,Palm Beach,7066,269899,2.618016369086214
50,2005,Pasco,1773,89067,1.9906362625888376
51,2005,Pinellas,6967,175410,3.971837409497748
52,2005,Polk,4530,131731,3.438826092567429
53,2005,Putnam,683,17564,3.888635846048736
54,2005,Santa Rosa,727,37432,1.9421885018166274
55,2005,Sarasota,1219,53851,2.263653414049878
56,2005,Seminole,3425,35628,9.613225552935893
57,2005,St. Johns,175,60824,0.2877153755096672
58,2005,St. Lucie,1909,99759,1.9136118044487214
59,2005,Sumter,354,8144,4.346758349705305
60,2005,Suwannee,139,9156,1.5181301878549585
61,2005,Taylor,104,4547,2.287222344402903
62,2005,Union,38,2909,1.3062908215881746
63,2005,Volusia,3859,96509,3.998590805002642
64,2005,Wakulla,208,6419,3.2403801215142547
65,2005,Walton,194,10343,1.8756647007638017
66,2005,Washington,117,5009,2.33579556797764
0,2006,Alachua,2219,44181,5.022520993187117
1,2006,Baker,171,6793,2.5172972177241277
2,2006,Bay,1716,38213,4.490618375945359
3,2006,Bradford,101,5828,1.7330130404941664
4,2006,Brevard,5938,111569,5.322266937948713
5,2006,Broward,11040,406470,2.7160676064654217
6,2006,Calhoun,61,3062,1.9921619856303068
7,2006,Charlotte,1139,23932,4.759318067858934
8,2006,Citrus,624,22700,2.748898678414097
9,2006,Clay,1251,48332,2.588347264752131
10,2006,Collier,2366,63681,3.715393916552818
11,2006,Columbia,353,15499,2.2775662945996515
12,2006,Desoto,122,7869,1.550387596899225
13,2006,Dixie,51,3193,1.5972439711869715
14,2006,Duval,6285,208556,3.013579086672165
15,2006,Escambia,2874,66297,4.335037784515136
16,2006,Flagler,503,16549,3.039458577557556
17,2006,Franklin,59,2001,2.948525737131434
18,2006,Gadsden,307,11276,2.722596665484214
19,2006,Gilchrist,35,3701,0.9456903539583896
20,2006,Glades,101,2593,3.895102198225993
21,2006,Gulf,85,2808,3.027065527065527
22,2006,Hamilton,83,3053,2.718637405830331
23,2006,Hardee,246,7380,3.3333333333333335
24,2006,Hendry,475,11199,4.241450129475846
25,2006,Hernando,1458,32773,4.448784060049431
26,2006,Highlands,718,18122,3.962035095464077
27,2006,Hillsborough,12112,290759,4.165649214641679
28,2006,Holmes,65,4444,1.4626462646264626
29,2006,Indian River,712,25337,2.8101195879543748
30,2006,Jackson,113,10184,1.1095836606441476
31,2006,Jefferson,48,2933,1.6365496079099897
32,2006,Lafayette,20,1702,1.1750881316098707
33,2006,Lake,1589,58995,2.6934485973387576
34,2006,Lee,4257,116982,3.6390213879058315
35,2006,Leon,1074,52636,2.0404286039972646
36,2006,Levy,425,8842,4.806604840533816
37,2006,Liberty,12,1685,0.7121661721068249
38,2006,Madison,118,4474,2.637460885113992
39,2006,Manatee,2111,65898,3.203435612613433
40,2006,Marion,2423,63394,3.8221282771240177
41,2006,Martin,1216,26031,4.6713533863470476
42,2006,Miami-Dade,9666,555396,1.740379837089212
43,2006,Monroe,294,11549,2.5456749502121396
44,2006,Nassau,336,15467,2.17236697484968
45,2006,Okaloosa,1263,42866,2.94639107917697
46,2006,Okeechobee,209,9678,2.159537094441
47,2006,Orange,6856,267982,2.5583807867692605
48,2006,Osecola,1701,65527,2.595876508919987
49,2006,Palm Beach,7175,270379,2.6536824235610013
50,2006,Pasco,2128,93513,2.2756194325922596
51,2006,Pinellas,6948,173173,4.012172798299965
52,2006,Polk,4278,137271,3.1164630548331402
53,2006,Putnam,608,17658,3.443198550232189
54,2006,Santa Rosa,808,39662,2.037214462205638
55,2006,Sarasota,1370,57581,2.379257046595231
56,2006,Seminole,3187,35924,8.871506513751253
57,2006,St. Johns,327,61154,0.5347156359355071
58,2006,St. Lucie,2218,100621,2.2043112272786
59,2006,Sumter,360,8369,4.301589198231569
60,2006,Suwannee,167,9346,1.7868606890648404
61,2006,Taylor,113,4525,2.4972375690607738
62,2006,Union,39,2931,1.3306038894575232
63,2006,Volusia,3910,98001,3.9897552065795248
64,2006,Wakulla,145,6562,2.2096921670222494
65,2006,Walton,236,10728,2.1998508575689786
66,2006,Washington,163,5123,3.181729455397228
0,2007,Alachua,1929,44406,4.344007566545061
1,2007,Baker,99,6885,1.4379084967320261
2,2007,Bay,1893,37730,5.017227670288895
3,2007,Bradford,95,5851,1.623654076226286
4,2007,Brevard,6465,111220,5.812803452616436
5,2007,Broward,10394,396116,2.6239788344828283
6,2007,Calhoun,57,3073,1.854864952814839
7,2007,Charlotte,1183,24368,4.85472751149048
8,2007,Citrus,601,23136,2.59768326417704
9,2007,Clay,1437,49917,2.8787787727627863
10,2007,Collier,2556,63587,4.019689559186626
11,2007,Columbia,269,15526,1.7325776117480356
12,2007,Desoto,146,7925,1.8422712933753944
13,2007,Dixie,42,3236,1.2978986402966626
14,2007,Duval,5671,208026,2.726101544999183
15,2007,Escambia,2617,65592,3.9898158311989262
16,2007,Flagler,321,18275,1.756497948016416
17,2007,Franklin,27,1966,1.373346897253306
18,2007,Gadsden,156,11422,1.3657853265627735
19,2007,Gilchrist,48,3698,1.2979989183342346
20,2007,Glades,93,2495,3.7274549098196395
21,2007,Gulf,81,2769,2.925243770314193
22,2007,Hamilton,34,3036,1.1198945981554678
23,2007,Hardee,204,7452,2.737520128824477
24,2007,Hendry,549,11222,4.892176082694707
25,2007,Hernando,908,34242,2.6517142690263418
26,2007,Highlands,730,18379,3.971924479024974
27,2007,Hillsborough,11492,291877,3.9372749480089215
28,2007,Holmes,58,4436,1.3074842200180343
29,2007,Indian River,996,25881,3.8483829836559638
30,2007,Jackson,129,10206,1.2639623750734863
31,2007,Jefferson,41,2797,1.465856274579907
32,2007,Lafayette,21,1704,1.232394366197183
33,2007,Lake,1600,60984,2.623638987275351
34,2007,Lee,4586,122104,3.7558147153246417
35,2007,Leon,1207,53211,2.2683279772979272
36,2007,Levy,325,8936,3.6369740376007162
37,2007,Liberty,8,1718,0.46565774155995343
38,2007,Madison,139,4396,3.1619654231119196
39,2007,Manatee,2284,66317,3.4440641162899412
40,2007,Marion,2545,64984,3.9163486396651486
41,2007,Martin,1142,26136,4.3694520967248245
42,2007,Miami-Dade,9213,548875,1.6785242541562286
43,2007,Monroe,212,11297,1.876604408249978
44,2007,Nassau,269,15802,1.7023161625110745
45,2007,Okaloosa,1588,42187,3.7641927608030907
46,2007,Okeechobee,189,9668,1.954902772031444
47,2007,Orange,6914,268206,2.5778692497557847
48,2007,Osecola,1933,68468,2.8232166851667935
49,2007,Palm Beach,7271,267751,2.7155827615956616
50,2007,Pasco,1869,96977,1.927261103148169
51,2007,Pinellas,6920,169824,4.074806858865649
52,2007,Polk,4779,141567,3.375786729958253
53,2007,Putnam,510,17707,2.880216863387361
54,2007,Santa Rosa,830,41197,2.0147098089666726
55,2007,Sarasota,1479,61191,2.4170221110947687
56,2007,Seminole,3194,36198,8.82369191668048
57,2007,St. Johns,630,61504,1.0243236212278877
58,2007,St. Lucie,2592,98598,2.6288565690987644
59,2007,Sumter,254,8501,2.987883778379014
60,2007,Suwannee,174,9480,1.8354430379746836
61,2007,Taylor,152,4566,3.328953131844065
62,2007,Union,54,2954,1.8280297901150981
63,2007,Volusia,3366,98273,3.425152381630763
64,2007,Wakulla,147,6756,2.1758436944937833
65,2007,Walton,342,11072,3.088872832369942
66,2007,Washington,138,5242,2.632582983594048
0,2008,Alachua,2012,44328,4.538891896769536
1,2008,Baker,110,6996,1.5723270440251573
2,2008,Bay,1749,37371,4.680099542425945
3,2008,Bradford,77,5816,1.3239339752407153
4,2008,Brevard,5497,110176,4.989289863491141
5,2008,Broward,10592,392080,2.7014894919404204
6,2008,Calhoun,45,3101,1.45114479200258
7,2008,Charlotte,1042,23971,4.346919194026115
8,2008,Citrus,490,23218,2.1104315617193556
9,2008,Clay,1383,50258,2.7518007083449403
10,2008,Collier,2428,62940,3.857642198919606
11,2008,Columbia,293,15474,1.893498772133902
12,2008,Desoto,155,7831,1.9793129868471462
13,2008,Dixie,56,3188,1.7565872020075282
14,2008,Duval,6590,205917,3.2003185749598138
15,2008,Escambia,2544,64702,3.9318722759729217
16,2008,Flagler,313,18969,1.6500606252306396
17,2008,Franklin,29,1947,1.4894709809964048
18,2008,Gadsden,208,11386,1.8268048480590198
19,2008,Gilchrist,59,3720,1.5860215053763442
20,2008,Glades,46,2470,1.862348178137652
21,2008,Gulf,63,2704,2.329881656804734
22,2008,Hamilton,157,2998,5.2368245496998
23,2008,Hardee,215,7534,2.8537297584284573
24,2008,Hendry,502,11009,4.559905531837587
25,2008,Hernando,1067,34614,3.082567747154331
26,2008,Highlands,647,18463,3.5043059091155286
27,2008,Hillsborough,11950,292218,4.089412698738613
28,2008,Holmes,34,4481,0.758759205534479
29,2008,Indian River,909,26096,3.483292458614347
30,2008,Jackson,120,10137,1.1837821840781295
31,2008,Jefferson,39,2860,1.3636363636363635
32,2008,Lafayette,10,1774,0.5636978579481398
33,2008,Lake,1653,61488,2.6883294301327085
34,2008,Lee,5009,122778,4.079721122676701
35,2008,Leon,1568,53255,2.944324476574969
36,2008,Levy,224,8924,2.510085163603765
37,2008,Liberty,7,1788,0.39149888143176736
38,2008,Madison,84,4300,1.9534883720930232
39,2008,Manatee,2297,66288,3.465182235095342
40,2008,Marion,1698,65515,2.59177287644051
41,2008,Martin,1099,26013,4.224810671587283
42,2008,Miami-Dade,9571,544374,1.7581662606957718
43,2008,Monroe,376,11154,3.3709879863726018
44,2008,Nassau,323,15942,2.0260945928992595
45,2008,Okaloosa,1373,41223,3.330664920068894
46,2008,Okeechobee,294,9627,3.0539108756622
47,2008,Orange,6574,267682,2.455899163933324
48,2008,Osecola,1709,70080,2.4386415525114153
49,2008,Palm Beach,7696,266281,2.890179922713224
50,2008,Pasco,2057,98877,2.0803624705442116
51,2008,Pinellas,6175,166604,3.706393603995102
52,2008,Polk,4213,142489,2.956719466064047
53,2008,Putnam,424,17466,2.427573571510363
54,2008,Santa Rosa,694,42465,1.6342870599317085
55,2008,Sarasota,1551,62577,2.478546430797258
56,2008,Seminole,3077,36387,8.456316816445433
57,2008,St. Johns,563,60858,0.9251043412534096
58,2008,St. Lucie,2515,97602,2.57679145919141
59,2008,Sumter,389,8527,4.561979594230093
60,2008,Suwannee,114,9612,1.1860174781523096
61,2008,Taylor,140,4586,3.052769297863062
62,2008,Union,40,2994,1.3360053440213762
63,2008,Volusia,2912,96364,3.021875389149475
64,2008,Wakulla,129,6882,1.8744551002615517
65,2008,Walton,228,11183,2.038808906375749
66,2008,Washington,99,5440,1.8198529411764708
0,2009,Alachua,1410,44391,3.1763195242278837
1,2009,Baker,92,7114,1.29322462749508
2,2009,Bay,1473,37072,3.9733491583944756
3,2009,Bradford,122,5726,2.1306322039818375
4,2009,Brevard,4882,108605,4.495188987615671
5,2009,Broward,9647,389996,2.473615114001169
6,2009,Calhoun,44,3112,1.4138817480719794
7,2009,Charlotte,853,23309,3.659530653395684
8,2009,Citrus,534,22719,2.3504555658259605
9,2009,Clay,979,50098,1.954169827138808
10,2009,Collier,2271,62431,3.6376159279844953
11,2009,Columbia,278,15272,1.820324777370351
12,2009,Desoto,147,7799,1.8848570329529426
13,2009,Dixie,33,3189,1.03480714957667
14,2009,Duval,5770,204181,2.825924057576366
15,2009,Escambia,2291,64262,3.56509290093679
16,2009,Flagler,272,18978,1.4332384866687744
17,2009,Franklin,50,1892,2.6427061310782243
18,2009,Gadsden,116,11173,1.0382171305826546
19,2009,Gilchrist,38,3614,1.0514665190924184
20,2009,Glades,20,2378,0.8410428931875525
21,2009,Gulf,47,2659,1.7675817976682964
22,2009,Hamilton,103,2995,3.4390651085141903
23,2009,Hardee,170,7546,2.2528491916247018
24,2009,Hendry,464,10787,4.301473996477241
25,2009,Hernando,960,34183,2.808413538893602
26,2009,Highlands,655,18149,3.6090142707587196
27,2009,Hillsborough,10825,293105,3.693215741799014
28,2009,Holmes,41,4380,0.9360730593607305
29,2009,Indian River,863,25901,3.3319176865758084
30,2009,Jackson,105,10117,1.037857072254621
31,2009,Jefferson,57,2787,2.045209903121636
32,2009,Lafayette,22,1747,1.2593016599885518
33,2009,Lake,1543,61583,2.5055615997921508
34,2009,Lee,4341,120643,3.5982195402965775
35,2009,Leon,1138,53551,2.125077029373868
36,2009,Levy,118,8812,1.339083068542896
37,2009,Liberty,7,1763,0.39705048213272826
38,2009,Madison,59,4229,1.3951288720737764
39,2009,Manatee,1996,66281,3.0114210708951283
40,2009,Marion,1270,64809,1.959604375935441
41,2009,Martin,1119,25772,4.341921465155983
42,2009,Miami-Dade,8804,542695,1.6222740213195257
43,2009,Monroe,277,10999,2.518410764614965
44,2009,Nassau,294,15933,1.8452268875917905
45,2009,Okaloosa,1200,40771,2.943268499668882
46,2009,Okeechobee,236,9584,2.4624373956594323
47,2009,Orange,5774,268075,2.1538748484565886
48,2009,Osecola,1377,69999,1.967170959585137
49,2009,Palm Beach,7092,266992,2.656259363576437
50,2009,Pasco,1800,98457,1.8282092690209941
51,2009,Pinellas,6503,163932,3.966888709952907
52,2009,Polk,4136,141854,2.9156738618579667
53,2009,Putnam,329,17006,1.9346113136540044
54,2009,Santa Rosa,629,43189,1.4563893584014447
55,2009,Sarasota,953,61677,1.5451464889667137
56,2009,Seminole,3093,35996,8.592621402378043
57,2009,St. Johns,472,59897,0.7880194333606023
58,2009,St. Lucie,2528,97162,2.601840225602602
59,2009,Sumter,321,8527,3.7645127242875573
60,2009,Suwannee,119,9576,1.2426900584795322
61,2009,Taylor,80,4502,1.776988005330964
62,2009,Union,32,3009,1.0634762379528082
63,2009,Volusia,2198,94563,2.324376341698127
64,2009,Wakulla,95,7032,1.350967007963595
65,2009,Walton,178,11368,1.5657987332864178
66,2009,Washington,71,5378,1.3201933804388248
0,2010,Alachua,1344,44289,3.0346135609293503
1,2010,Baker,108,7024,1.5375854214123008
2,2010,Bay,1378,37089,3.715387311601823
3,2010,Bradford,76,5640,1.3475177304964538
4,2010,Brevard,4137,107193,3.8593938036998683
5,2010,Broward,8999,391516,2.2985012106784906
6,2010,Calhoun,26,3118,0.8338678640153944
7,2010,Charlotte,842,22762,3.699147702310869
8,2010,Citrus,529,22320,2.3700716845878134
9,2010,Clay,1065,50072,2.1269372104169992
10,2010,Collier,1834,62631,2.9282623620890615
11,2010,Columbia,199,15168,1.3119725738396624
12,2010,Desoto,106,7822,1.3551521350038354
13,2010,Dixie,36,3122,1.1531069827033953
14,2010,Duval,4207,203271,2.069650860181728
15,2010,Escambia,1960,64117,3.0569115835113934
16,2010,Flagler,222,19040,1.165966386554622
17,2010,Franklin,38,1981,1.9182231196365473
18,2010,Gadsden,103,11181,0.9212056166711385
19,2010,Gilchrist,33,3640,0.9065934065934067
20,2010,Glades,34,2400,1.4166666666666665
21,2010,Gulf,26,2556,1.0172143974960877
22,2010,Hamilton,50,2870,1.7421602787456445
23,2010,Hardee,177,7658,2.311308435622878
24,2010,Hendry,394,10853,3.630332626923431
25,2010,Hernando,1010,34072,2.9643108710965014
26,2010,Highlands,641,17899,3.5812056539471477
27,2010,Hillsborough,8865,293989,3.0154189442462136
28,2010,Holmes,47,4245,1.1071849234393405
29,2010,Indian River,758,25879,2.929015804320105
30,2010,Jackson,140,9833,1.4237770771890572
31,2010,Jefferson,30,2737,1.0960906101571064
32,2010,Lafayette,5,1785,0.2801120448179272
33,2010,Lake,1550,61713,2.5116263996240664
34,2010,Lee,3677,120693,3.0465727092706287
35,2010,Leon,1087,53946,2.014977940903867
36,2010,Levy,142,8596,1.6519311307584925
37,2010,Liberty,4,1755,0.2279202279202279
38,2010,Madison,79,4147,1.9049915601639738
39,2010,Manatee,1818,66158,2.7479669881193507
40,2010,Marion,1205,63944,1.8844614037282623
41,2010,Martin,853,25780,3.308766485647789
42,2010,Miami-Dade,8258,545932,1.5126426001773114
43,2010,Monroe,265,11021,2.4045004990472734
44,2010,Nassau,246,15914,1.5458087218801055
45,2010,Okaloosa,1108,40227,2.7543689561737144
46,2010,Okeechobee,220,9542,2.3055963110459023
47,2010,Orange,5179,269977,1.918311559873619
48,2010,Osecola,1287,70428,1.8273981939001533
49,2010,Palm Beach,6215,268788,2.3122312007976547
50,2010,Pasco,1925,98493,1.9544536159930146
51,2010,Pinellas,6137,162220,3.7831340155344595
52,2010,Polk,4072,141402,2.8797329599298456
53,2010,Putnam,347,16684,2.0798369695516663
54,2010,Santa Rosa,595,43945,1.3539651837524178
55,2010,Sarasota,946,61896,1.5283701693162726
56,2010,Seminole,2888,36285,7.959211795507786
57,2010,St. Johns,411,59639,0.6891463639564714
58,2010,St. Lucie,1882,96827,1.9436727359104382
59,2010,Sumter,223,8487,2.6275480146105807
60,2010,Suwannee,84,9405,0.8931419457735247
61,2010,Taylor,73,4430,1.6478555304740405
62,2010,Union,36,3014,1.1944260119442602
63,2010,Volusia,2337,92920,2.5150667240637103
64,2010,Wakulla,96,6889,1.3935259108724052
65,2010,Walton,215,11310,1.900972590627763
66,2010,Washington,64,5249,1.2192798628310155
0,2011,Alachua,1369,44665,3.0650397402888165
1,2011,Baker,75,6991,1.0728078958661136
2,2011,Bay,1533,36732,4.173472721332898
3,2011,Bradford,88,5563,1.5818802804242316
4,2011,Brevard,3873,105456,3.6726217569412833
5,2011,Broward,8010,395073,2.027473403649452
6,2011,Calhoun,22,3135,0.7017543859649122
7,2011,Charlotte,797,22313,3.5719087527450366
8,2011,Citrus,429,21669,1.9797867921916104
9,2011,Clay,1021,49297,2.0711199464470456
10,2011,Collier,1576,62609,2.5172099857847914
11,2011,Columbia,184,14890,1.2357286769644058
12,2011,Desoto,101,7626,1.3244164699711514
13,2011,Dixie,26,3157,0.8235666772252138
14,2011,Duval,3766,202998,1.855190691533907
15,2011,Escambia,1666,63876,2.6081783455444927
16,2011,Flagler,264,18951,1.3930663289536172
17,2011,Franklin,40,1922,2.081165452653486
18,2011,Gadsden,124,10842,1.1437004242759639
19,2011,Gilchrist,25,3613,0.6919457514530861
20,2011,Glades,24,2367,1.0139416983523446
21,2011,Gulf,26,2512,1.0350318471337578
22,2011,Hamilton,23,2839,0.8101444170482565
23,2011,Hardee,220,7564,2.9085140137493393
24,2011,Hendry,338,10729,3.150340199459409
25,2011,Hernando,953,33875,2.8132841328413285
26,2011,Highlands,605,17793,3.400213567133142
27,2011,Hillsborough,7796,295966,2.634086347756161
28,2011,Holmes,40,4224,0.946969696969697
29,2011,Indian River,804,25720,3.12597200622084
30,2011,Jackson,120,9575,1.2532637075718016
31,2011,Jefferson,43,2695,1.5955473098330242
32,2011,Lafayette,5,1785,0.2801120448179272
33,2011,Lake,1466,61802,2.372091518073849
34,2011,Lee,3388,121711,2.7836432204155748
35,2011,Leon,915,53862,1.698785785897293
36,2011,Levy,83,8275,1.0030211480362539
37,2011,Liberty,8,1728,0.4629629629629629
38,2011,Madison,81,4006,2.0219670494258613
39,2011,Manatee,1636,66396,2.464003855653955
40,2011,Marion,991,63337,1.5646462573219444
41,2011,Martin,759,25751,2.947458351131995
42,2011,Miami-Dade,8295,547742,1.514399114911765
43,2011,Monroe,292,11278,2.5891115446001067
44,2011,Nassau,168,15890,1.0572687224669604
45,2011,Okaloosa,808,40800,1.980392156862745
46,2011,Okeechobee,208,9394,2.214179263359591
47,2011,Orange,5399,272657,1.980143550321466
48,2011,Osecola,995,72124,1.3795685208807056
49,2011,Palm Beach,5786,269260,2.1488524103097375
50,2011,Pasco,2004,97561,2.0540994864751285
51,2011,Pinellas,5140,160899,3.1945506187111175
52,2011,Polk,3952,141098,2.8008901614480717
53,2011,Putnam,279,16398,1.7014270032930843
54,2011,Santa Rosa,517,44559,1.1602594313157835
55,2011,Sarasota,889,61431,1.447152089336003
56,2011,Seminole,2333,36302,6.426643160156466
57,2011,St. Johns,361,59304,0.6087279104276272
58,2011,St. Lucie,1557,95715,1.626704278326281
59,2011,Sumter,165,8504,1.9402634054562558
60,2011,Suwannee,75,9514,0.7883119613201598
61,2011,Taylor,46,4415,1.0419026047565119
62,2011,Union,60,2970,2.0202020202020203
63,2011,Volusia,2058,91819,2.241366166044065
64,2011,Wakulla,71,6809,1.042737553238361
65,2011,Walton,198,11258,1.7587493338070705
66,2011,Washington,44,5182,0.8490930142802007
0,2012,Alachua,1149,44913,2.5582793400574446
1,2012,Baker,65,6885,0.944081336238199
2,2012,Bay,1423,37073,3.838372939875381
3,2012,Bradford,95,5535,1.7163504968383017
4,2012,Brevard,3218,104662,3.074659379717567
5,2012,Broward,6853,396436,1.728652291921016
6,2012,Calhoun,23,3112,0.7390745501285347
7,2012,Charlotte,837,22245,3.7626432906271075
8,2012,Citrus,375,21343,1.7570163519655155
9,2012,Clay,900,48718,1.8473664764563407
10,2012,Collier,1434,62695,2.2872637371401225
11,2012,Columbia,158,14849,1.0640447168159473
12,2012,Desoto,65,7497,0.8670134720554887
13,2012,Dixie,27,3085,0.8752025931928687
14,2012,Duval,2948,203331,1.449852703227742
15,2012,Escambia,1797,64072,2.804657260581845
16,2012,Flagler,232,18747,1.237531338347469
17,2012,Franklin,33,1943,1.6984045290787442
18,2012,Gadsden,83,10663,0.7783925724467786
19,2012,Gilchrist,18,3534,0.5093378607809848
20,2012,Glades,28,2278,1.2291483757682178
21,2012,Gulf,17,2465,0.6896551724137931
22,2012,Hamilton,51,2794,1.825340014316392
23,2012,Hardee,190,7486,2.5380710659898478
24,2012,Hendry,269,10640,2.5281954887218046
25,2012,Hernando,729,33248,2.1926130895091434
26,2012,Highlands,447,17687,2.527279923107367
27,2012,Hillsborough,7017,298628,2.3497461724955464
28,2012,Holmes,32,4073,0.7856616744414436
29,2012,Indian River,603,25601,2.355376743095973
30,2012,Jackson,165,9290,1.776103336921421
31,2012,Jefferson,30,2560,1.171875
32,2012,Lafayette,8,1794,0.4459308807134894
33,2012,Lake,1112,61535,1.8071016494677825
34,2012,Lee,3411,122869,2.776127420260603
35,2012,Leon,980,53667,1.8260756144371775
36,2012,Levy,87,8174,1.0643503792512845
37,2012,Liberty,21,1664,1.2620192307692308
38,2012,Madison,128,3861,3.3152033152033153
39,2012,Manatee,1485,67018,2.215822614819899
40,2012,Marion,930,63249,1.470378978323768
41,2012,Martin,694,25772,2.6928449480055874
42,2012,Miami-Dade,7270,548364,1.3257617203171617
43,2012,Monroe,294,11344,2.5916784203102963
44,2012,Nassau,166,15734,1.0550400406762426
45,2012,Okaloosa,1007,42590,2.3644047898567737
46,2012,Okeechobee,164,9145,1.7933296883542922
47,2012,Orange,4836,277177,1.7447335096346377
48,2012,Osecola,920,74260,1.2388903851333153
49,2012,Palm Beach,4811,270323,1.7797227760863856
50,2012,Pasco,1958,97613,2.0058803642957392
51,2012,Pinellas,4609,160000,2.8806249999999998
52,2012,Polk,3947,141169,2.7959396184714778
53,2012,Putnam,242,16043,1.5084460512372997
54,2012,Santa Rosa,507,45193,1.1218551545593343
55,2012,Sarasota,764,61244,1.2474691398341062
56,2012,Seminole,2069,36416,5.6815685413005275
57,2012,St. Johns,410,59460,0.6895391860073999
58,2012,St. Lucie,1467,95258,1.540028134119969
59,2012,Sumter,162,8335,1.943611277744451
60,2012,Suwannee,57,9389,0.6070934071786133
61,2012,Taylor,79,4364,1.8102658111824015
62,2012,Union,38,2947,1.2894468951476077
63,2012,Volusia,1773,91392,1.9399947478991597
64,2012,Wakulla,37,6677,0.5541410813239478
65,2012,Walton,393,11615,3.3835557468790354
66,2012,Washington,50,5117,0.9771350400625366
0,2013,Alachua,1068,45383,2.35330410065443
1,2013,Baker,42,6763,0.6210261718172408
2,2013,Bay,1313,37672,3.485347207475048
3,2013,Bradford,52,5496,0.9461426491994178
4,2013,Brevard,3069,104079,2.9487216441357047
5,2013,Broward,5814,400146,1.4529696660718838
6,2013,Calhoun,47,3084,1.523994811932555
7,2013,Charlotte,883,22023,4.009444671479816
8,2013,Citrus,364,21120,1.7234848484848484
9,2013,Clay,744,48322,1.5396713712180787
10,2013,Collier,1248,62898,1.9841648383096444
11,2013,Columbia,188,14641,1.284065296086333
12,2013,Desoto,92,7295,1.2611377655928717
13,2013,Dixie,33,3045,1.083743842364532
14,2013,Duval,2912,203849,1.4285083566757748
15,2013,Escambia,1676,64514,2.5978857302290974
16,2013,Flagler,191,18616,1.0259991405242803
17,2013,Franklin,47,1929,2.436495593571799
18,2013,Gadsden,88,10464,0.8409785932721712
19,2013,Gilchrist,26,3477,0.7477710670117919
20,2013,Glades,13,2175,0.5977011494252874
21,2013,Gulf,25,2464,1.0146103896103895
22,2013,Hamilton,31,2719,1.140125045972784
23,2013,Hardee,148,7395,2.0013522650439484
24,2013,Hendry,337,10552,3.193707354056103
25,2013,Hernando,756,33032,2.288689755388714
26,2013,Highlands,528,17534,3.0112923462986196
27,2013,Hillsborough,6815,302054,2.25621908665338
28,2013,Holmes,37,3990,0.9273182957393483
29,2013,Indian River,551,25516,2.1594293776453988
30,2013,Jackson,81,9202,0.8802434253423169
31,2013,Jefferson,39,2512,1.552547770700637
32,2013,Lafayette,5,1827,0.27367268746579093
33,2013,Lake,1055,61775,1.707810602994739
34,2013,Lee,2904,124454,2.333392257380237
35,2013,Leon,951,53528,1.7766402630399043
36,2013,Levy,32,7942,0.4029211785444472
37,2013,Liberty,21,1661,1.2642986152919928
38,2013,Madison,121,3804,3.1808622502628814
39,2013,Manatee,1420,67845,2.093006116884074
40,2013,Marion,934,63162,1.4787372154143315
41,2013,Martin,458,25880,1.7697063369397217
42,2013,Miami-Dade,5360,547637,0.9787505227002558
43,2013,Monroe,334,11351,2.9424720288961326
44,2013,Nassau,187,15688,1.191993880673126
45,2013,Okaloosa,703,42921,1.6378928729526339
46,2013,Okeechobee,213,8945,2.381218557853549
47,2013,Orange,4621,281206,1.6432793041400255
48,2013,Osecola,959,76296,1.2569466289189473
49,2013,Palm Beach,4835,272412,1.7748851005095223
50,2013,Pasco,1708,97892,1.7447799615903241
51,2013,Pinellas,4749,159930,2.969424123053836
52,2013,Polk,3737,142251,2.627046558547919
53,2013,Putnam,206,15836,1.300833543824198
54,2013,Santa Rosa,453,46554,0.9730635391158654
55,2013,Sarasota,776,60691,1.278608030844771
56,2013,Seminole,1969,36506,5.393633923190708
57,2013,St. Johns,400,59221,0.6754360784181287
58,2013,St. Lucie,1631,94992,1.7169866936163045
59,2013,Sumter,202,8360,2.416267942583732
60,2013,Suwannee,60,9355,0.6413682522715126
61,2013,Taylor,61,4376,1.393967093235832
62,2013,Union,41,2886,1.4206514206514207
63,2013,Volusia,1731,91039,1.9013829238018871
64,2013,Wakulla,62,6519,0.9510661144347293
65,2013,Walton,460,12074,3.8098393241676325
66,2013,Washington,32,5028,0.6364359586316627
0,2014,Alachua,1160,46072,2.517798228859177
1,2014,Baker,75,6752,1.110781990521327
2,2014,Bay,1392,38434,3.6217932039340166
3,2014,Bradford,72,5410,1.3308687615526802
4,2014,Brevard,2993,104183,2.8728295403280764
5,2014,Broward,4831,404458,1.194437988616865
6,2014,Calhoun,33,3023,1.0916308303010256
7,2014,Charlotte,862,22069,3.9059313969821923
8,2014,Citrus,310,20983,1.4773864557022351
9,2014,Clay,670,48424,1.3836114323475963
10,2014,Collier,1114,63640,1.7504714016341922
11,2014,Columbia,179,14852,1.2052248855373013
12,2014,Desoto,153,7230,2.116182572614108
13,2014,Dixie,38,3039,1.2504113195129978
14,2014,Duval,2679,205359,1.3045447241172776
15,2014,Escambia,1425,64519,2.2086517149986826
16,2014,Flagler,187,18559,1.0075973921008676
17,2014,Franklin,32,1927,1.660612350804359
18,2014,Gadsden,90,10258,0.8773640085786704
19,2014,Gilchrist,8,3464,0.23094688221709006
20,2014,Glades,5,2186,0.22872827081427266
21,2014,Gulf,39,2482,1.5713134568896052
22,2014,Hamilton,61,2719,2.2434718646561236
23,2014,Hardee,163,7329,2.224041479055806
24,2014,Hendry,265,10681,2.4810411010205033
25,2014,Hernando,665,32866,2.0233676139475443
26,2014,Highlands,464,17387,2.6686604934721343
27,2014,Hillsborough,6228,305881,2.0360859288416084
28,2014,Holmes,42,3994,1.0515773660490735
29,2014,Indian River,477,25467,1.8730121333490402
30,2014,Jackson,63,9158,0.6879231273203756
31,2014,Jefferson,36,2463,1.46163215590743
32,2014,Lafayette,5,1806,0.2768549280177187
33,2014,Lake,835,62610,1.3336527711228239
34,2014,Lee,2384,126132,1.8900834046871533
35,2014,Leon,961,53630,1.7919075144508672
36,2014,Levy,35,7878,0.4442751967504443
37,2014,Liberty,8,1599,0.5003126954346466
38,2014,Madison,95,3683,2.579418951941352
39,2014,Manatee,1368,68321,2.0023126125203086
40,2014,Marion,1051,63537,1.6541542723137699
41,2014,Martin,297,25909,1.1463198116484619
42,2014,Miami-Dade,4619,549308,0.8408761569101487
43,2014,Monroe,260,11534,2.2542049592509104
44,2014,Nassau,110,15529,0.7083521153969992
45,2014,Okaloosa,807,43376,1.8604758391737368
46,2014,Okeechobee,103,8859,1.1626594423749859
47,2014,Orange,4826,286525,1.684320739900532
48,2014,Osecola,747,78641,0.949886191681184
49,2014,Palm Beach,4438,274996,1.6138416558786308
50,2014,Pasco,1430,99309,1.4399500548792152
51,2014,Pinellas,4893,160110,3.056023983511336
52,2014,Polk,3847,144249,2.6669162351212137
53,2014,Putnam,132,15611,0.8455576196271859
54,2014,Santa Rosa,334,48000,0.6958333333333334
55,2014,Sarasota,603,60700,0.9934102141680395
56,2014,Seminole,1767,36786,4.803457837220682
57,2014,St. Johns,303,59191,0.5119021472859049
58,2014,St. Lucie,1509,95302,1.5833875469559926
59,2014,Sumter,134,8448,1.5861742424242424
60,2014,Suwannee,72,9369,0.7684918347742555
61,2014,Taylor,47,4363,1.0772404308961723
62,2014,Union,48,2932,1.6371077762619373
63,2014,Volusia,1612,91651,1.7588460573261613
64,2014,Wakulla,57,6557,0.8692999847491232
65,2014,Walton,297,12454,2.384775975590172
66,2014,Washington,29,4861,0.5965850648014812
0,2015,Alachua,765,46690,1.6384664810451917
1,2015,Baker,84,6735,1.247216035634744
2,2015,Bay,1290,39179,3.292580208785319
3,2015,Bradford,90,5425,1.6589861751152075
4,2015,Brevard,2577,105826,2.4351293632944646
5,2015,Broward,3616,407304,0.8877889733466895
6,2015,Calhoun,26,3025,0.859504132231405
7,2015,Charlotte,775,22303,3.4748688517239836
8,2015,Citrus,272,21047,1.2923457024754121
9,2015,Clay,604,48827,1.2370205009523418
10,2015,Collier,1093,64169,1.7033146846608176
11,2015,Columbia,120,14952,0.8025682182985553
12,2015,Desoto,110,7116,1.5458122540753232
13,2015,Dixie,28,3058,0.9156311314584695
14,2015,Duval,2745,207348,1.3238613345679728
15,2015,Escambia,1288,64775,1.988421458896179
16,2015,Flagler,163,18679,0.872637721505434
17,2015,Franklin,32,1926,1.6614745586708204
18,2015,Gadsden,83,10204,0.8134065072520581
19,2015,Gilchrist,4,3592,0.11135857461024498
20,2015,Glades,30,2154,1.392757660167131
21,2015,Gulf,42,2481,1.6928657799274487
22,2015,Hamilton,47,2750,1.709090909090909
23,2015,Hardee,151,7263,2.0790307035660196
24,2015,Hendry,296,10716,2.7622247107129527
25,2015,Hernando,699,33045,2.115297321833863
26,2015,Highlands,359,17459,2.056246062202875
27,2015,Hillsborough,6101,311644,1.9576824838597888
28,2015,Holmes,37,3870,0.9560723514211886
29,2015,Indian River,415,25452,1.6305201948766306
30,2015,Jackson,84,9133,0.919741596408628
31,2015,Jefferson,16,2471,0.6475111290975314
32,2015,Lafayette,4,1731,0.2310803004043905
33,2015,Lake,701,64467,1.0873780383762235
34,2015,Lee,2253,128634,1.7514809459396425
35,2015,Leon,798,53912,1.4801899391601128
36,2015,Levy,44,7861,0.5597252257982445
37,2015,Liberty,1,1608,0.06218905472636816
38,2015,Madison,63,3616,1.7422566371681416
39,2015,Manatee,1143,69639,1.641321673200362
40,2015,Marion,962,64388,1.494067217493943
41,2015,Martin,344,26209,1.3125262314472128
42,2015,Miami-Dade,4323,553772,0.7806461865171948
43,2015,Monroe,212,11615,1.8252260008609558
44,2015,Nassau,170,15728,1.0808748728382502
45,2015,Okaloosa,745,43869,1.698237935672115
46,2015,Okeechobee,98,8804,1.113130395274875
47,2015,Orange,4723,292397,1.6152696505094104
48,2015,Osecola,638,81133,0.7863631321410522
49,2015,Palm Beach,4080,278462,1.4651909416724724
50,2015,Pasco,1587,101723,1.5601191470955438
51,2015,Pinellas,5119,160090,3.197576363295646
52,2015,Polk,3292,147005,2.2393796129383357
53,2015,Putnam,122,15575,0.7833065810593901
54,2015,Santa Rosa,334,49875,0.6696741854636592
55,2015,Sarasota,524,61221,0.8559154538475359
56,2015,Seminole,1776,37164,4.778818211172102
57,2015,St. Johns,209,59785,0.34958601655933763
58,2015,St. Lucie,1423,96195,1.479286865221685
59,2015,Sumter,148,8517,1.7377010684513325
60,2015,Suwannee,98,9284,1.0555794915984489
61,2015,Taylor,79,4341,1.8198571757659525
62,2015,Union,25,2949,0.84774499830451
63,2015,Volusia,1643,93149,1.7638407282955266
64,2015,Wakulla,71,6643,1.068794219479151
65,2015,Walton,342,12881,2.6550733638692647
66,2015,Washington,25,4921,0.5080268238162975
0,2016,Alachua,730,47667,1.5314578219732728
1,2016,Baker,77,6877,1.1196742765740877
2,2016,Bay,1234,39597,3.1163977068969873
3,2016,Bradford,60,5393,1.112553309846097
4,2016,Brevard,2250,107226,2.098371663589055
5,2016,Broward,3644,409755,0.889311905894986
6,2016,Calhoun,21,2967,0.7077856420626896
7,2016,Charlotte,692,22583,3.064251870876323
8,2016,Citrus,263,21260,1.2370649106302918
9,2016,Clay,596,49568,1.2023886378308586
10,2016,Collier,998,64479,1.5477907535786843
11,2016,Columbia,104,15246,0.6821461366915913
12,2016,Desoto,57,7043,0.8093142126934546
13,2016,Dixie,17,3045,0.5582922824302134
14,2016,Duval,2596,209977,1.2363258833110293
15,2016,Escambia,1283,65554,1.9571650852732099
16,2016,Flagler,132,18892,0.6987084480203261
17,2016,Franklin,43,1920,2.2395833333333335
18,2016,Gadsden,27,10183,0.2651477953451832
19,2016,Gilchrist,6,3600,0.16666666666666669
20,2016,Glades,7,2152,0.3252788104089219
21,2016,Gulf,50,2484,2.0128824476650564
22,2016,Hamilton,49,2751,1.7811704834605597
23,2016,Hardee,139,7201,1.9302874600749895
24,2016,Hendry,236,10708,2.2039596563317145
25,2016,Hernando,683,33949,2.0118412913487878
26,2016,Highlands,453,17592,2.5750341064120055
27,2016,Hillsborough,5800,317391,1.8273990125743957
28,2016,Holmes,27,3924,0.6880733944954129
29,2016,Indian River,469,25459,1.8421776189166894
30,2016,Jackson,96,9051,1.0606562810739144
31,2016,Jefferson,17,2457,0.6919006919006919
32,2016,Lafayette,4,1734,0.2306805074971165
33,2016,Lake,622,65915,0.943639535765759
34,2016,Lee,2239,131178,1.7068410861577399
35,2016,Leon,949,53911,1.760308656860381
36,2016,Levy,68,7893,0.8615228683643734
37,2016,Liberty,2,1527,0.13097576948264572
38,2016,Madison,69,3539,1.949703306018649
39,2016,Manatee,1098,71062,1.5451296051335452
40,2016,Marion,1001,65478,1.52875775069489
41,2016,Martin,364,26402,1.378683433073252
42,2016,Miami-Dade,3574,557911,0.6406039672994438
43,2016,Monroe,222,11732,1.8922604841459256
44,2016,Nassau,222,16054,1.3828329388314438
45,2016,Okaloosa,766,44369,1.7264306159706102
46,2016,Okeechobee,145,8924,1.6248319139399372
47,2016,Orange,4297,298471,1.4396708557950353
48,2016,Osecola,520,84035,0.6187897899684656
49,2016,Palm Beach,3344,281789,1.1867035263974108
50,2016,Pasco,1445,104187,1.3869292714062216
51,2016,Pinellas,4192,160566,2.6107644208612033
52,2016,Polk,3230,149815,2.155992390615092
53,2016,Putnam,127,15664,0.8107763023493361
54,2016,Santa Rosa,375,51700,0.7253384912959381
55,2016,Sarasota,449,62094,0.7230972396688892
56,2016,Seminole,1661,37928,4.379350348027843
57,2016,St. Johns,194,60120,0.3226879574184963
58,2016,St. Lucie,1474,97187,1.5166637513247656
59,2016,Sumter,112,8748,1.2802926383173296
60,2016,Suwannee,59,9182,0.6425615334349816
61,2016,Taylor,22,4350,0.5057471264367815
62,2016,Union,27,2902,0.9303928325292902
63,2016,Volusia,1748,94496,1.8498137487301052
64,2016,Wakulla,62,6802,0.911496618641576
65,2016,Walton,302,13380,2.257100149476831
66,2016,Washington,11,4897,0.22462732285072493
0,2017,Alachua,780,47915,1.62788270896379
1,2017,Baker,77,6826,1.1280398476413713
2,2017,Bay,1313,39612,3.3146521256184993
3,2017,Bradford,34,5542,0.6134969325153374
4,2017,Brevard,2166,108792,1.9909552172953895
5,2017,Broward,3535,411519,0.8590125850811262
6,2017,Calhoun,24,2922,0.8213552361396305
7,2017,Charlotte,482,22516,2.1406999467045655
8,2017,Citrus,308,21780,1.4141414141414141
9,2017,Clay,466,50216,0.9279910785407042
10,2017,Collier,911,64749,1.406971536239942
11,2017,Columbia,119,15278,0.7788977614871057
12,2017,Desoto,63,7136,0.882847533632287
13,2017,Dixie,22,3079,0.7145177005521274
14,2017,Duval,1984,211784,0.9368035356778606
15,2017,Escambia,1444,65715,2.1973674199193485
16,2017,Flagler,104,19082,0.5450162456765538
17,2017,Franklin,29,1875,1.5466666666666666
18,2017,Gadsden,107,10122,1.0571033392610156
19,2017,Gilchrist,32,3646,0.877674163466813
20,2017,Glades,8,2131,0.37541060534960113
21,2017,Gulf,16,2514,0.6364359586316627
22,2017,Hamilton,50,2782,1.7972681524083391
23,2017,Hardee,152,7237,2.1003178112477547
24,2017,Hendry,160,10954,1.460653642505021
25,2017,Hernando,538,34479,1.560370080338757
26,2017,Highlands,407,17876,2.2767957037368536
27,2017,Hillsborough,5150,321547,1.601632109769334
28,2017,Holmes,57,3912,1.4570552147239262
29,2017,Indian River,510,25266,2.0185229161719307
30,2017,Jackson,93,9093,1.022764764104256
31,2017,Jefferson,53,2471,2.144880615135573
32,2017,Lafayette,6,1703,0.35231943628890194
33,2017,Lake,575,67047,0.8576073500678629
34,2017,Lee,2227,132325,1.6829775174759116
35,2017,Leon,873,54259,1.6089496673362944
36,2017,Levy,98,7934,1.2351903201411647
37,2017,Liberty,20,1491,1.341381623071764
38,2017,Madison,61,3514,1.7359134889015366
39,2017,Manatee,1066,71646,1.4878709209167296
40,2017,Marion,1179,66514,1.7725591604774933
41,2017,Martin,372,26374,1.4104800181997421
42,2017,Miami-Dade,3528,557885,0.6323883954578452
43,2017,Monroe,122,11767,1.0367978244242373
44,2017,Nassau,216,16465,1.3118736714242332
45,2017,Okaloosa,770,45065,1.708643071119494
46,2017,Okeechobee,192,8839,2.1721914243692724
47,2017,Orange,3621,301983,1.1990741200663613
48,2017,Osecola,629,86747,0.7250971215142887
49,2017,Palm Beach,4070,283212,1.4370859991808256
50,2017,Pasco,1181,107248,1.1011860361032375
51,2017,Pinellas,3816,159888,2.3866706694686277
52,2017,Polk,3001,153297,1.957637788084568
53,2017,Putnam,122,15907,0.7669579430439429
54,2017,Santa Rosa,370,53384,0.6930915630151356
55,2017,Sarasota,377,62999,0.598422197177733
56,2017,Seminole,1455,38606,3.7688442211055273
57,2017,St. Johns,202,60303,0.33497504270102646
58,2017,St. Lucie,1498,98067,1.5275270988201943
59,2017,Sumter,154,8956,1.719517641804377
60,2017,Suwannee,33,9287,0.3553354150963713
61,2017,Taylor,49,4361,1.1235955056179776
62,2017,Union,36,2903,1.2400964519462625
63,2017,Volusia,1599,95946,1.6665624413732725
64,2017,Wakulla,67,6882,0.973554199360651
65,2017,Walton,463,13937,3.3220922723685153
66,2017,Washington,46,4874,0.943783340172343
